0,1024,1024,0.0019734605857315915,160.89651489257812,0.0023556058295071125,0.384016752243042,2,256,0
1,1024,1024,0.0034946058760070603,160.89651489257812,0.004161447752267122,0.384016752243042,2,256,0
2,1024,1024,0.005659654180391009,160.89651489257812,0.005951525876298547,0.384016752243042,2,256,0
3,1024,1024,0.005659654180391009,160.89651489257812,0.005951525876298547,0.384016752243042,2,256,0
4,1024,1024,0.00785009617668779,160.89651489257812,0.00780111737549305,0.384016752243042,2,256,0
0,1024,1024,0.0018594973294331352,162.59259915351868,0.0025491139385849237,0.40048694610595703,2,256,0
1,1024,1024,0.0033932115621879075,162.59259915351868,0.004010645090602338,0.40048694610595703,2,256,0
2,1024,1024,0.005465876426369921,162.59259915351868,0.006595353479497135,0.40048694610595703,2,256,0
3,1024,1024,0.005465876426369921,162.59259915351868,0.006595353479497135,0.40048694610595703,2,256,0
4,1024,1024,0.0076043922633502615,162.59259915351868,0.008706828695721924,0.40048694610595703,2,256,0
0,1024,1024,0.0021101958918351114,161.43435764312744,0.0019388599321246147,0.39644694328308105,2,256,0
1,1024,1024,0.0036689543537184715,161.43435764312744,0.002898112405091524,0.39644694328308105,2,256,0
2,1024,1024,0.005736849447257284,161.43435764312744,0.0046158970799297094,0.39644694328308105,2,256,0
3,1024,1024,0.005736849447257284,161.43435764312744,0.0046158970799297094,0.39644694328308105,2,256,0
4,1024,1024,0.007765984705336524,161.43435764312744,0.007044264581054449,0.39644694328308105,2,256,0
0,1024,1024,0.0018379664248578398,164.6769368648529,0.0016167010180652142,0.39821505546569824,2,256,0
1,1024,1024,0.00335733703097165,164.6769368648529,0.002957066986709833,0.39821505546569824,2,256,0
2,1024,1024,0.00552588106309126,164.6769368648529,0.005033866735175252,0.39821505546569824,2,256,0
3,1024,1024,0.00552588106309126,164.6769368648529,0.005033866735175252,0.39821505546569824,2,256,0
4,1024,1024,0.0075314498274293455,164.6769368648529,0.007405264535918832,0.39821505546569824,2,256,0
0,1024,1024,0.001964475130972524,171.73552894592285,0.0023478148505091667,0.44203972816467285,2,256,0
1,1024,1024,0.003525555263829262,171.73552894592285,0.003604495315812528,0.44203972816467285,2,256,0
2,1024,1024,0.005643944844795541,171.73552894592285,0.005357155227102339,0.44203972816467285,2,256,0
3,1024,1024,0.005643944844795541,171.73552894592285,0.005357155227102339,0.44203972816467285,2,256,0
4,1024,1024,0.007779144313497605,171.73552894592285,0.007466366630978882,0.44203972816467285,2,256,0
0,1024,1024,0.0008588166362373684,172.57501745224,0.0008445872226729989,0.4247477054595947,3,170,0
1,1024,1024,0.0019389375022142333,172.57501745224,0.0019027270609512925,0.4247477054595947,3,170,0
2,1024,1024,0.0032940572463152447,172.57501745224,0.003114478080533445,0.4247477054595947,3,170,0
3,1024,1024,0.0032940572463152447,172.57501745224,0.003114478080533445,0.4247477054595947,3,170,0
4,1024,1024,0.005169553666518907,172.57501745224,0.005340640083886683,0.4247477054595947,3,170,0
0,1024,1024,0.0008514909337703363,170.97939014434814,0.0012664500391110778,0.3797264099121094,3,170,0
1,1024,1024,0.0019593511492382587,170.97939014434814,0.0019987193518318236,0.3797264099121094,3,170,0
2,1024,1024,0.0032960539007162075,170.97939014434814,0.003109435725491494,0.3797264099121094,3,170,0
3,1024,1024,0.0032960539007162075,170.97939014434814,0.003109435725491494,0.3797264099121094,3,170,0
4,1024,1024,0.005201811249455718,170.97939014434814,0.004805186588782817,0.3797264099121094,3,170,0
0,1024,1024,0.0011445133332374665,170.19195222854614,0.00109328783582896,0.39227867126464844,3,170,0
1,1024,1024,0.0022766955753459684,170.19195222854614,0.0019831061363220215,0.39227867126464844,3,170,0
2,1024,1024,0.0037301574877974717,170.19195222854614,0.003489652299322188,0.39227867126464844,3,170,0
3,1024,1024,0.0037301574877974717,170.19195222854614,0.003489652299322188,0.39227867126464844,3,170,0
4,1024,1024,0.005569502484435188,170.19195222854614,0.004867281415499747,0.39227867126464844,3,170,0
0,1024,1024,0.001141763589319153,170.2444360256195,0.0010122588137164712,0.39920949935913086,3,170,0
1,1024,1024,0.0022445357659381174,170.2444360256195,0.002540389308705926,0.39920949935913086,3,170,0
2,1024,1024,0.0037209978825921545,170.2444360256195,0.003992464975453913,0.39920949935913086,3,170,0
3,1024,1024,0.0037209978825921545,170.2444360256195,0.003992464975453913,0.39920949935913086,3,170,0
4,1024,1024,0.005507467522221667,170.2444360256195,0.006371738505549729,0.39920949935913086,3,170,0
0,1024,1024,0.0010821921659597052,169.1206774711609,0.0005146373296156526,0.3867499828338623,3,170,0
1,1024,1024,0.0021612701724361217,169.1206774711609,0.001498493948020041,0.3867499828338623,3,170,0
2,1024,1024,0.0036256402100144696,169.1206774711609,0.0030797431245446205,0.3867499828338623,3,170,0
3,1024,1024,0.0036256402100144696,169.1206774711609,0.0030797431245446205,0.3867499828338623,3,170,0
4,1024,1024,0.005587881094967096,169.1206774711609,0.004467715276405215,0.3867499828338623,3,170,0
0,1024,1024,-0.002186374725192959,172.70078945159912,-0.0007246300810948014,0.38673830032348633,4,128,0
1,1024,1024,-0.004038068840652764,172.70078945159912,-0.0023043048568069935,0.38673830032348633,4,128,0
2,1024,1024,-0.005825439795216583,172.70078945159912,-0.004280205816030502,0.38673830032348633,4,128,0
3,1024,1024,-0.005825439795216583,172.70078945159912,-0.004280205816030502,0.38673830032348633,4,128,0
4,1024,1024,-0.007211186332963936,172.70078945159912,-0.006031135329976678,0.38673830032348633,4,128,0
0,1024,1024,-0.0018778944998186758,171.99375772476196,-0.002015297533944249,0.4057478904724121,4,128,0
1,1024,1024,-0.003757209048066196,171.99375772476196,-0.004213314037770033,0.4057478904724121,4,128,0
2,1024,1024,-0.005688875893156685,171.99375772476196,-0.005837618256919086,0.4057478904724121,4,128,0
3,1024,1024,-0.005688875893156685,171.99375772476196,-0.005837618256919086,0.4057478904724121,4,128,0
4,1024,1024,-0.00698241493743905,171.99375772476196,-0.0061690485454164445,0.4057478904724121,4,128,0
0,1024,1024,-0.0018789901472113827,171.171288728714,-0.0015289478469640017,0.4040517807006836,4,128,0
1,1024,1024,-0.003818103277576902,171.171288728714,-0.0035766479559242725,0.4040517807006836,4,128,0
2,1024,1024,-0.0058277312872408536,171.171288728714,-0.0060219429433345795,0.4040517807006836,4,128,0
3,1024,1024,-0.0058277312872408536,171.171288728714,-0.0060219429433345795,0.4040517807006836,4,128,0
4,1024,1024,-0.0070359604085448064,171.171288728714,-0.007209855364635587,0.4040517807006836,4,128,0
0,1024,1024,-0.0023945947541855576,170.9546718597412,-0.0021058525890111923,0.39452171325683594,4,128,0
1,1024,1024,-0.0043722136951338045,170.9546718597412,-0.0037377686239778996,0.39452171325683594,4,128,0
2,1024,1024,-0.006326201131400354,170.9546718597412,-0.004438282456248999,0.39452171325683594,4,128,0
3,1024,1024,-0.006326201131400354,170.9546718597412,-0.004438282456248999,0.39452171325683594,4,128,0
4,1024,1024,-0.00768083184929378,170.9546718597412,-0.004637842284864746,0.39452171325683594,4,128,0
0,1024,1024,-0.0021939370140077828,171.35884928703308,-0.0019300291314721107,0.40201616287231445,4,128,0
1,1024,1024,-0.004065743301890007,171.35884928703308,-0.004058422055095434,0.40201616287231445,4,128,0
2,1024,1024,-0.00617386827299405,171.35884928703308,-0.006300472654402256,0.40201616287231445,4,128,0
3,1024,1024,-0.00617386827299405,171.35884928703308,-0.006300472654402256,0.40201616287231445,4,128,0
4,1024,1024,-0.00758891415305534,171.35884928703308,-0.007513186777941883,0.40201616287231445,4,128,0
0,1024,1024,0.0004004660704299734,172.5972294807434,-0.0001397747255396098,0.4003880023956299,5,102,0
1,1024,1024,2.7952305785985487e-05,172.5972294807434,1.2281889212317765e-05,0.4003880023956299,5,102,0
2,1024,1024,0.00041341756454799897,172.5972294807434,0.000845852613565512,0.4003880023956299,5,102,0
3,1024,1024,0.00041341756454799897,172.5972294807434,0.000845852613565512,0.4003880023956299,5,102,0
4,1024,1024,0.002146032605855418,172.5972294807434,0.0032979439274640754,0.4003880023956299,5,102,0
0,1024,1024,0.00013901161956642798,171.3898787498474,0.00014945666771382093,0.38349485397338867,5,102,0
1,1024,1024,-9.989600468086532e-05,171.3898787498474,-0.00032119257957674563,0.38349485397338867,5,102,0
2,1024,1024,0.00045548048903714614,171.3898787498474,4.521539085544646e-05,0.38349485397338867,5,102,0
3,1024,1024,0.00045548048903714614,171.3898787498474,4.521539085544646e-05,0.38349485397338867,5,102,0
4,1024,1024,0.0022715509044313065,171.3898787498474,0.0016203555569518358,0.38349485397338867,5,102,0
0,1024,1024,0.0002871248921680479,171.89868712425232,0.00015355434152297676,0.39029645919799805,5,102,0
1,1024,1024,4.3209057200127256e-05,171.89868712425232,7.744678441667929e-05,0.39029645919799805,5,102,0
2,1024,1024,0.0005687573680116572,171.89868712425232,0.0006337334998534061,0.39029645919799805,5,102,0
3,1024,1024,0.0005687573680116572,171.89868712425232,0.0006337334998534061,0.39029645919799805,5,102,0
4,1024,1024,0.002307071988321684,171.89868712425232,0.0021126155406818725,0.39029645919799805,5,102,0
0,1024,1024,5.061370389046558e-05,171.84542775154114,0.0006260750233195722,0.41179728507995605,5,102,0
1,1024,1024,-0.00022849218551391131,171.84542775154114,0.0009841447754297405,0.41179728507995605,5,102,0
2,1024,1024,0.00012673456376172208,171.84542775154114,0.0015849395713303238,0.41179728507995605,5,102,0
3,1024,1024,0.00012673456376172208,171.84542775154114,0.0015849395713303238,0.41179728507995605,5,102,0
4,1024,1024,0.0018992323287378092,171.84542775154114,0.0032789215038064867,0.41179728507995605,5,102,0
0,1024,1024,0.0006443218931943173,171.3323884010315,-0.00018052192172035575,0.39510035514831543,5,102,0
1,1024,1024,0.0003420860999489023,171.3323884010315,-0.0001649569603614509,0.39510035514831543,5,102,0
2,1024,1024,0.0007587113528635405,171.3323884010315,0.00030718432390131056,0.39510035514831543,5,102,0
3,1024,1024,0.0007587113528635405,171.3323884010315,0.00030718432390131056,0.39510035514831543,5,102,0
4,1024,1024,0.0025491751686773922,171.3323884010315,0.0024413356150034815,0.39510035514831543,5,102,0
0,1024,1024,0.0016981920890818125,171.52756786346436,0.0012734010815620422,0.43697142601013184,2,256,1
1,1024,1024,0.0034890238833367015,171.52756786346436,0.0034622233361005783,0.43697142601013184,2,256,1
2,1024,1024,0.006014401373922696,171.52756786346436,0.006495804293081164,0.43697142601013184,2,256,1
3,1024,1024,0.006014401373922696,171.52756786346436,0.006495804293081164,0.43697142601013184,2,256,1
4,1024,1024,0.009525324154846212,171.52756786346436,0.010154144605621696,0.43697142601013184,2,256,1
0,1024,1024,0.0015961121125398423,169.77278399467468,0.0015126534271985292,0.41661620140075684,2,256,1
1,1024,1024,0.0033491526157238016,169.77278399467468,0.0034872423857450485,0.41661620140075684,2,256,1
2,1024,1024,0.00588788096720502,169.77278399467468,0.006363983498886228,0.41661620140075684,2,256,1
3,1024,1024,0.00588788096720502,169.77278399467468,0.006363983498886228,0.41661620140075684,2,256,1
4,1024,1024,0.009476275661763168,169.77278399467468,0.010225062724202871,0.41661620140075684,2,256,1
0,1024,1024,0.0016809498033793112,169.74336075782776,0.0015428008046001196,0.41760897636413574,2,256,1
1,1024,1024,0.003416308586212876,169.74336075782776,0.0033870586194097996,0.41760897636413574,2,256,1
2,1024,1024,0.006083590618280697,169.74336075782776,0.00571441906504333,0.41760897636413574,2,256,1
3,1024,1024,0.006083590618280697,169.74336075782776,0.00571441906504333,0.41760897636413574,2,256,1
4,1024,1024,0.009605325067561317,169.74336075782776,0.00875346246175468,0.41760897636413574,2,256,1
0,1024,1024,0.0016192455945277448,169.7053554058075,0.0017723822966217995,0.419891357421875,2,256,1
1,1024,1024,0.0033797191965093815,169.7053554058075,0.003721402958035469,0.419891357421875,2,256,1
2,1024,1024,0.005873895478780875,169.7053554058075,0.006129769375547767,0.419891357421875,2,256,1
3,1024,1024,0.005873895478780875,169.7053554058075,0.006129769375547767,0.419891357421875,2,256,1
4,1024,1024,0.00937569611464903,169.7053554058075,0.010057252598926425,0.419891357421875,2,256,1
0,1024,1024,0.0016761688200880587,169.54955077171326,0.0010199312819167972,0.39998531341552734,2,256,1
1,1024,1024,0.0034359443080558966,169.54955077171326,0.0030619396129623055,0.39998531341552734,2,256,1
2,1024,1024,0.006031617408402697,169.54955077171326,0.005589699256233871,0.39998531341552734,2,256,1
3,1024,1024,0.006031617408402697,169.54955077171326,0.005589699256233871,0.39998531341552734,2,256,1
4,1024,1024,0.009599291222327489,169.54955077171326,0.009178853477351367,0.39998531341552734,2,256,1
0,1024,1024,0.0008588153681988791,167.4361810684204,0.0008445844287052751,0.4196176528930664,3,170,1
1,1024,1024,0.0019389334755353285,167.4361810684204,0.001902722753584385,0.4196176528930664,3,170,1
2,1024,1024,0.003294041325853918,167.4361810684204,0.0031144714448601007,0.4196176528930664,3,170,1
3,1024,1024,0.003294041325853918,167.4361810684204,0.0031144714448601007,0.4196176528930664,3,170,1
4,1024,1024,0.005169532792832502,167.4361810684204,0.005340626463294029,0.4196176528930664,3,170,1
0,1024,1024,0.0008514902924567907,167.75258708000183,0.001266447943635285,0.38440728187561035,3,170,1
1,1024,1024,0.001959347335948802,167.75258708000183,0.0019987127743661404,0.38440728187561035,3,170,1
2,1024,1024,0.0032960364837081833,167.75258708000183,0.0031094206497073174,0.38440728187561035,3,170,1
3,1024,1024,0.0032960364837081833,167.75258708000183,0.0031094206497073174,0.38440728187561035,3,170,1
4,1024,1024,0.0052017892733464246,167.75258708000183,0.004805163014680147,0.38440728187561035,3,170,1
0,1024,1024,0.0011445103300883755,166.86358284950256,0.001093285158276558,0.4082498550415039,3,170,1
1,1024,1024,0.002276690090045141,166.86358284950256,0.001983100431971252,0.4082498550415039,3,170,1
2,1024,1024,0.0037301378013550905,166.86358284950256,0.0034896376309916377,0.4082498550415039,3,170,1
3,1024,1024,0.0037301378013550905,166.86358284950256,0.0034896376309916377,0.4082498550415039,3,170,1
4,1024,1024,0.005569476215481569,166.86358284950256,0.004867261508479714,0.4082498550415039,3,170,1
0,1024,1024,0.001141760168921804,166.9759545326233,0.0010122595122084022,0.3772315979003906,3,170,1
1,1024,1024,0.002244529760538204,166.9759545326233,0.0025403870968148112,0.3772315979003906,3,170,1
2,1024,1024,0.0037209821541224174,166.9759545326233,0.003992454963736236,0.3772315979003906,3,170,1
3,1024,1024,0.0037209821541224174,166.9759545326233,0.003992454963736236,0.3772315979003906,3,170,1
4,1024,1024,0.005507447303605648,166.9759545326233,0.00637172267306596,0.3772315979003906,3,170,1
0,1024,1024,0.0010821884184732114,169.12022805213928,0.0005146331386640668,0.3776559829711914,3,170,1
1,1024,1024,0.002161263093446608,169.12022805213928,0.001498486497439444,0.3776559829711914,3,170,1
2,1024,1024,0.0036256213039498,169.12022805213928,0.003079735324718058,0.3776559829711914,3,170,1
3,1024,1024,0.0036256213039498,169.12022805213928,0.003079735324718058,0.3776559829711914,3,170,1
4,1024,1024,0.00558785731073364,169.12022805213928,0.004467701190151274,0.3776559829711914,3,170,1
0,1024,1024,-0.002186381692328183,168.08706212043762,-0.0007246327586472034,0.4031407833099365,4,128,1
1,1024,1024,-0.0040380740971501326,168.08706212043762,-0.002304301131516695,0.4031407833099365,4,128,1
2,1024,1024,-0.00582543707755657,168.08706212043762,-0.00428019417449832,0.4031407833099365,4,128,1
3,1024,1024,-0.00582543707755657,168.08706212043762,-0.00428019417449832,0.4031407833099365,4,128,1
4,1024,1024,-0.007211179977605045,168.08706212043762,-0.006031124037690461,0.4031407833099365,4,128,1
0,1024,1024,-0.0018778916597773185,168.4352207183838,-0.002015299629420042,0.4081301689147949,4,128,1
1,1024,1024,-0.00375720527550676,168.4352207183838,-0.004213310079649091,0.4081301689147949,4,128,1
2,1024,1024,-0.005688861539036743,168.4352207183838,-0.005837611039169133,0.4081301689147949,4,128,1
3,1024,1024,-0.005688861539036743,168.4352207183838,-0.005837611039169133,0.4081301689147949,4,128,1
4,1024,1024,-0.006982404221177343,168.4352207183838,-0.006169040774693713,0.4081301689147949,4,128,1
0,1024,1024,-0.0018789905720802025,167.62602615356445,-0.001528946333564818,0.4089682102203369,4,128,1
1,1024,1024,-0.0038181006478904926,167.62602615356445,-0.003576640388928354,0.4089682102203369,4,128,1
2,1024,1024,-0.005827720709855318,167.62602615356445,-0.006021932349540293,0.4089682102203369,4,128,1
3,1024,1024,-0.005827720709855318,167.62602615356445,-0.006021932349540293,0.4089682102203369,4,128,1
4,1024,1024,-0.007035952438337319,167.62602615356445,-0.007209843141026795,0.4089682102203369,4,128,1
0,1024,1024,-0.0023946103890743046,165.96793699264526,-0.0021058418788015842,0.38182711601257324,4,128,1
1,1024,1024,-0.004372231012745707,165.96793699264526,-0.003737748134881258,0.38182711601257324,4,128,1
2,1024,1024,-0.006326210082367003,165.96793699264526,-0.0044382549822330475,0.38182711601257324,4,128,1
3,1024,1024,-0.006326210082367003,165.96793699264526,-0.0044382549822330475,0.38182711601257324,4,128,1
4,1024,1024,-0.007680839478495394,165.96793699264526,-0.0046378093102248386,0.38182711601257324,4,128,1
0,1024,1024,-0.0021939408142292553,166.50126671791077,-0.0019300305284559727,0.38653564453125,4,128,1
1,1024,1024,-0.004065745252000924,166.50126671791077,-0.004058415070176125,0.38653564453125,4,128,1
2,1024,1024,-0.006173857850160904,166.50126671791077,-0.006300456589087844,0.38653564453125,4,128,1
3,1024,1024,-0.006173857850160904,166.50126671791077,-0.006300456589087844,0.38653564453125,4,128,1
4,1024,1024,-0.007588899803055081,166.50126671791077,-0.007513164891861379,0.38653564453125,4,128,1
0,1024,1024,0.000400448566990118,167.17363095283508,-0.0001397327141603455,0.3869462013244629,5,102,1
1,1024,1024,2.7952762801427796e-05,167.17363095283508,1.233014336321503e-05,0.3869462013244629,5,102,1
2,1024,1024,0.00041342088232569293,167.17363095283508,0.0008458933589281514,0.3869462013244629,5,102,1
3,1024,1024,0.00041342088232569293,167.17363095283508,0.0008458933589281514,0.3869462013244629,5,102,1
4,1024,1024,0.0021460369615600794,167.17363095283508,0.003297980481875129,0.3869462013244629,5,102,1
0,1024,1024,0.00013904707885773978,165.87457752227783,0.0001494724565418437,0.36992669105529785,5,102,1
1,1024,1024,-9.984641207084422e-05,165.87457752227783,-0.0003211638977518305,0.36992669105529785,5,102,1
2,1024,1024,0.00045551907527380297,165.87457752227783,4.523624374996871e-05,0.36992669105529785,5,102,1
3,1024,1024,0.00045551907527380297,165.87457752227783,4.523624374996871e-05,0.36992669105529785,5,102,1
4,1024,1024,0.002271592192708274,165.87457752227783,0.0016203944542212412,0.36992669105529785,5,102,1
0,1024,1024,0.0002871452776207077,163.9348976612091,0.00015355233335867524,0.42131567001342773,5,102,1
1,1024,1024,4.324728347400797e-05,163.9348976612091,7.745497714495286e-05,0.42131567001342773,5,102,1
2,1024,1024,0.0005687930838546374,163.9348976612091,0.0006337355225696228,0.42131567001342773,5,102,1
3,1024,1024,0.0005687930838546374,163.9348976612091,0.0006337355225696228,0.42131567001342773,5,102,1
4,1024,1024,0.002307100958920578,163.9348976612091,0.0021126243154867552,0.42131567001342773,5,102,1
0,1024,1024,5.059283583234731e-05,162.7476236820221,0.0006260992377065122,0.3650016784667969,5,102,1
1,1024,1024,-0.00022849954858834647,162.7476236820221,0.0009841726860031486,0.3650016784667969,5,102,1
2,1024,1024,0.00012672040778311222,162.7476236820221,0.001584969402756542,0.3650016784667969,5,102,1
3,1024,1024,0.00012672040778311222,162.7476236820221,0.001584969402756542,0.3650016784667969,5,102,1
4,1024,1024,0.0018992117608704361,162.7476236820221,0.0032789577380754054,0.3650016784667969,5,102,1
0,1024,1024,0.0006443187334494586,160.9354932308197,-0.00018050421203952283,0.3661153316497803,5,102,1
1,1024,1024,0.00034209866392491184,160.9354932308197,-0.0001649312580411788,0.3661153316497803,5,102,1
2,1024,1024,0.0007587137109402132,160.9354932308197,0.0003072052822972182,0.3661153316497803,5,102,1
3,1024,1024,0.0007587137109402132,160.9354932308197,0.0003072052822972182,0.3661153316497803,5,102,1
4,1024,1024,0.002549176401976346,160.9354932308197,0.0024413656537944917,0.3661153316497803,5,102,1
0,1024,1024,0.0017365306299849496,161.672016620636,0.0019798255525529385,0.39258408546447754,2,256,2
1,1024,1024,0.003293639888461282,161.672016620636,0.0036911978386342525,0.39258408546447754,2,256,2
2,1024,1024,0.0053606828721517565,161.672016620636,0.005785597022622824,0.39258408546447754,2,256,2
3,1024,1024,0.0053606828721517565,161.672016620636,0.005785597022622824,0.39258408546447754,2,256,2
4,1024,1024,0.007531819521160462,161.672016620636,0.00814968254417181,0.39258408546447754,2,256,2
0,1024,1024,0.0016455199357094524,163.66401410102844,0.002721994649618864,0.385998010635376,2,256,2
1,1024,1024,0.0031618618439676394,163.66401410102844,0.004591203643940389,0.385998010635376,2,256,2
2,1024,1024,0.005412644771995165,163.66401410102844,0.006909741903655231,0.385998010635376,2,256,2
3,1024,1024,0.005412644771995165,163.66401410102844,0.006909741903655231,0.385998010635376,2,256,2
4,1024,1024,0.007473923221848857,163.66401410102844,0.009327794308774173,0.385998010635376,2,256,2
0,1024,1024,0.0018965081939307273,162.55978059768677,0.001982102170586586,0.41800808906555176,2,256,2
1,1024,1024,0.003400139653979479,162.55978059768677,0.003848819062113762,0.41800808906555176,2,256,2
2,1024,1024,0.005454588280515128,162.55978059768677,0.006366558372974396,0.41800808906555176,2,256,2
3,1024,1024,0.005454588280515128,162.55978059768677,0.006366558372974396,0.41800808906555176,2,256,2
4,1024,1024,0.00768429768563365,162.55978059768677,0.008520495612174273,0.41800808906555176,2,256,2
0,1024,1024,0.0019163424235687232,162.56093311309814,0.0015671945875510573,0.36758899688720703,2,256,2
1,1024,1024,0.003450861101342462,162.56093311309814,0.0030995775014162064,0.36758899688720703,2,256,2
2,1024,1024,0.005681103843800288,162.56093311309814,0.005660552531480789,0.36758899688720703,2,256,2
3,1024,1024,0.005681103843800288,162.56093311309814,0.005660552531480789,0.36758899688720703,2,256,2
4,1024,1024,0.007863219485995544,162.56093311309814,0.007369018509052694,0.36758899688720703,2,256,2
0,1024,1024,0.0018741510425512864,164.24261617660522,0.0023168609477579594,0.3952345848083496,2,256,2
1,1024,1024,0.003381544867634344,164.24261617660522,0.003983812988735735,0.3952345848083496,2,256,2
2,1024,1024,0.005563598080968315,164.24261617660522,0.006256969063542783,0.3952345848083496,2,256,2
3,1024,1024,0.005563598080968315,164.24261617660522,0.006256969063542783,0.3952345848083496,2,256,2
4,1024,1024,0.007822005516446042,164.24261617660522,0.008989084395579994,0.3952345848083496,2,256,2
0,1024,1024,0.0008279253173482798,165.84317541122437,0.0008909828029572964,0.373687744140625,3,170,2
1,1024,1024,0.0016361968656536737,165.84317541122437,0.0018553370027802885,0.373687744140625,3,170,2
2,1024,1024,0.0027629572845462333,165.84317541122437,0.003100757661741227,0.373687744140625,3,170,2
3,1024,1024,0.0027629572845462333,165.84317541122437,0.003100757661741227,0.373687744140625,3,170,2
4,1024,1024,0.0038239653462718553,165.84317541122437,0.003916244895663112,0.373687744140625,3,170,2
0,1024,1024,0.0010164852967075172,166.563232421875,0.00031583342934027314,0.39084482192993164,3,170,2
1,1024,1024,0.0018247390661162424,166.563232421875,0.0012497861753217876,0.39084482192993164,3,170,2
2,1024,1024,0.003126420489693936,166.563232421875,0.002604930370580405,0.39084482192993164,3,170,2
3,1024,1024,0.003126420489693936,166.563232421875,0.002604930370580405,0.39084482192993164,3,170,2
4,1024,1024,0.004257137686262757,166.563232421875,0.003431719494983554,0.39084482192993164,3,170,2
0,1024,1024,0.0007705997968681481,165.30223560333252,0.0008532111532986164,0.3927876949310303,3,170,2
1,1024,1024,0.0016320804669873504,165.30223560333252,0.0017021657549776137,0.3927876949310303,3,170,2
2,1024,1024,0.002728850424535367,165.30223560333252,0.0025994973839260638,0.3927876949310303,3,170,2
3,1024,1024,0.002728850424535367,165.30223560333252,0.0025994973839260638,0.3927876949310303,3,170,2
4,1024,1024,0.0036465881698839794,165.30223560333252,0.0035266298218630254,0.3927876949310303,3,170,2
0,1024,1024,0.0006993926343008237,165.02736496925354,0.0010761424200609326,0.3852407932281494,3,170,2
1,1024,1024,0.0015091949287332784,165.02736496925354,0.0017619085847400129,0.3852407932281494,3,170,2
2,1024,1024,0.002562194975580618,165.02736496925354,0.002765585028100759,0.3852407932281494,3,170,2
3,1024,1024,0.002562194975580618,165.02736496925354,0.002765585028100759,0.3852407932281494,3,170,2
4,1024,1024,0.003488255973511713,165.02736496925354,0.003585904836654663,0.3852407932281494,3,170,2
0,1024,1024,0.0007827092414149084,162.81773781776428,0.0008779576746746898,0.38321661949157715,3,170,2
1,1024,1024,0.0016367107072902945,162.81773781776428,0.001625942240934819,0.38321661949157715,3,170,2
2,1024,1024,0.002719637800880765,162.81773781776428,0.002697186719160527,0.38321661949157715,3,170,2
3,1024,1024,0.002719637800880765,162.81773781776428,0.002697186719160527,0.38321661949157715,3,170,2
4,1024,1024,0.003812123644375748,162.81773781776428,0.003891638887580484,0.38321661949157715,3,170,2
0,1024,1024,0.0008126684368564563,162.14392948150635,0.0007216831436380744,0.3737154006958008,4,128,2
1,1024,1024,0.001157090285121317,162.14392948150635,0.0009707052959129214,0.3737154006958008,4,128,2
2,1024,1024,0.0018031223823134052,162.14392948150635,0.0015632759896107018,0.3737154006958008,4,128,2
3,1024,1024,0.0018031223823134052,162.14392948150635,0.0015632759896107018,0.3737154006958008,4,128,2
4,1024,1024,0.002434270076084784,162.14392948150635,0.002398312615696341,0.3737154006958008,4,128,2
0,1024,1024,0.0007492682578705522,162.21846842765808,0.000686866114847362,0.3656730651855469,4,128,2
1,1024,1024,0.0010809599582343897,162.21846842765808,0.0010506887920200825,0.3656730651855469,4,128,2
2,1024,1024,0.0017747077404015406,162.21846842765808,0.0016034956206567585,0.3656730651855469,4,128,2
3,1024,1024,0.0017747077404015406,162.21846842765808,0.0016034956206567585,0.3656730651855469,4,128,2
4,1024,1024,0.002484900179314179,162.21846842765808,0.0019776670960709453,0.3656730651855469,4,128,2
0,1024,1024,0.0006955859867022463,162.64180779457092,0.0011185768526047468,0.3668515682220459,4,128,2
1,1024,1024,0.001042547597524214,162.64180779457092,0.0014813219895586371,0.3668515682220459,4,128,2
2,1024,1024,0.0017269464004181544,162.64180779457092,0.0020733067649416625,0.3668515682220459,4,128,2
3,1024,1024,0.0017269464004181544,162.64180779457092,0.0020733067649416625,0.3668515682220459,4,128,2
4,1024,1024,0.0022473492911030822,162.64180779457092,0.00260332808829844,0.3668515682220459,4,128,2
0,1024,1024,0.0007754755756186338,162.4703357219696,0.000607612426392734,0.3576009273529053,4,128,2
1,1024,1024,0.0011023205530530152,162.4703357219696,0.0009530454117339104,0.3576009273529053,4,128,2
2,1024,1024,0.0018509083941144196,162.4703357219696,0.001564677309943363,0.3576009273529053,4,128,2
3,1024,1024,0.0018509083941144196,162.4703357219696,0.001564677309943363,0.3576009273529053,4,128,2
4,1024,1024,0.0025826148103565544,162.4703357219696,0.002136936440365389,0.3576009273529053,4,128,2
0,1024,1024,0.0005177643306333995,164.25039672851562,0.0005934119690209627,0.3831470012664795,4,128,2
1,1024,1024,0.000835819137936988,164.25039672851562,0.0012106482172384858,0.3831470012664795,4,128,2
2,1024,1024,0.001506137276958564,164.25039672851562,0.00201107474276796,0.3831470012664795,4,128,2
3,1024,1024,0.001506137276958564,164.25039672851562,0.00201107474276796,0.3831470012664795,4,128,2
4,1024,1024,0.002105892478782311,164.25039672851562,0.0027632612036541104,0.3831470012664795,4,128,2
0,1024,1024,-0.0008113852451699648,161.9092972278595,-0.0007828855887055397,0.38201141357421875,5,102,2
1,1024,1024,-0.0007955140821772336,161.9092972278595,-0.0009514136763755232,0.38201141357421875,5,102,2
2,1024,1024,-0.0007775224913261414,161.9092972278595,-0.0012252909946255386,0.38201141357421875,5,102,2
3,1024,1024,-0.0007775224913261414,161.9092972278595,-0.0012252909946255386,0.38201141357421875,5,102,2
4,1024,1024,-0.0010487379354094028,161.9092972278595,-0.0012869157508248463,0.38201141357421875,5,102,2
0,1024,1024,-0.00038261106761468765,161.21631526947021,-0.0005453191697597504,0.3668334484100342,5,102,2
1,1024,1024,-0.0003941806233771951,161.21631526947021,-0.00041839735058601946,0.3668334484100342,5,102,2
2,1024,1024,-0.00038175346833890556,161.21631526947021,-0.0004454194277059287,0.3668334484100342,5,102,2
3,1024,1024,-0.00038175346833890556,161.21631526947021,-0.0004454194277059287,0.3668334484100342,5,102,2
4,1024,1024,-0.0005251915643879327,161.21631526947021,-0.0003902753960574046,0.3668334484100342,5,102,2
0,1024,1024,-0.0009381022849589289,162.74355959892273,-0.0005039254319854081,0.3589799404144287,5,102,2
1,1024,1024,-0.0008707267617497947,162.74355959892273,-0.00047887093023746274,0.3589799404144287,5,102,2
2,1024,1024,-0.0006481845937328966,162.74355959892273,-0.00041827081804513,0.3589799404144287,5,102,2
3,1024,1024,-0.0006481845937328966,162.74355959892273,-0.00041827081804513,0.3589799404144287,5,102,2
4,1024,1024,-0.0009913932313877453,162.74355959892273,-0.0007509887764172163,0.3589799404144287,5,102,2
0,1024,1024,-0.0005786198400480932,162.45196342468262,-0.0010837828740477562,0.36121177673339844,5,102,2
1,1024,1024,-0.0005966004480358378,162.45196342468262,-0.0011874873016495258,0.36121177673339844,5,102,2
2,1024,1024,-0.0005661778143393936,162.45196342468262,-0.0016873457643669099,0.36121177673339844,5,102,2
3,1024,1024,-0.0005661778143393936,162.45196342468262,-0.0016873457643669099,0.36121177673339844,5,102,2
4,1024,1024,-0.0009344486105428675,162.45196342468262,-0.0022160519438330084,0.36121177673339844,5,102,2
0,1024,1024,-0.00115590767992177,161.86027359962463,-0.0006727003492414951,0.3563113212585449,5,102,2
1,1024,1024,-0.0011731286910368983,161.86027359962463,-0.0005350525752874091,0.3563113212585449,5,102,2
2,1024,1024,-0.001152590351053814,161.86027359962463,-0.000594002540310612,0.3563113212585449,5,102,2
3,1024,1024,-0.001152590351053814,161.86027359962463,-0.000594002540310612,0.3563113212585449,5,102,2
4,1024,1024,-0.0015073173907113933,161.86027359962463,-0.0010694819757190999,0.3563113212585449,5,102,2
0,1024,1024,-0.0038257394654218927,162.85408282279968,-0.003908444195985794,0.39705967903137207,2,256,3
1,1024,1024,-0.007023334120875659,162.85408282279968,-0.007358810165897012,0.39705967903137207,2,256,3
2,1024,1024,-0.010166739055457924,162.85408282279968,-0.010898186126723886,0.39705967903137207,2,256,3
3,1024,1024,-0.010166739055457924,162.85408282279968,-0.010898186126723886,0.39705967903137207,2,256,3
4,1024,1024,-0.013139967995405956,162.85408282279968,-0.013528270879760385,0.39705967903137207,2,256,3
0,1024,1024,-0.003643862500245211,162.72989130020142,-0.0037640666123479605,0.40764498710632324,2,256,3
1,1024,1024,-0.006821513214195941,162.72989130020142,-0.00687428773380816,0.40764498710632324,2,256,3
2,1024,1024,-0.010032986832631964,162.72989130020142,-0.009984431089833379,0.40764498710632324,2,256,3
3,1024,1024,-0.010032986832631964,162.72989130020142,-0.009984431089833379,0.40764498710632324,2,256,3
4,1024,1024,-0.012934461433434907,162.72989130020142,-0.013082638150081038,0.40764498710632324,2,256,3
0,1024,1024,-0.0038716467850219115,162.24953508377075,-0.003284645266830921,0.37902331352233887,2,256,3
1,1024,1024,-0.006982593770896573,162.24953508377075,-0.006927898619323969,0.37902331352233887,2,256,3
2,1024,1024,-0.010196516538336267,162.24953508377075,-0.01020232168957591,0.37902331352233887,2,256,3
3,1024,1024,-0.010196516538336267,162.24953508377075,-0.01020232168957591,0.37902331352233887,2,256,3
4,1024,1024,-0.013140735439168532,162.24953508377075,-0.013248715782538056,0.37902331352233887,2,256,3
0,1024,1024,-0.0037713639318419645,161.72659015655518,-0.0036137839779257774,0.3829057216644287,2,256,3
1,1024,1024,-0.006958958778242952,161.72659015655518,-0.006937313824892044,0.3829057216644287,2,256,3
2,1024,1024,-0.010200119549553464,161.72659015655518,-0.01053813355974853,0.3829057216644287,2,256,3
3,1024,1024,-0.010200119549553464,161.72659015655518,-0.01053813355974853,0.3829057216644287,2,256,3
4,1024,1024,-0.013096985316335828,161.72659015655518,-0.012949148891493678,0.3829057216644287,2,256,3
0,1024,1024,-0.003851879268977454,161.61518621444702,-0.003648158861324191,0.3838493824005127,2,256,3
1,1024,1024,-0.00702635431897488,161.61518621444702,-0.006660247920081019,0.3838493824005127,2,256,3
2,1024,1024,-0.010205409325116047,161.61518621444702,-0.00987715576775372,0.3838493824005127,2,256,3
3,1024,1024,-0.010205409325116047,161.61518621444702,-0.00987715576775372,0.3838493824005127,2,256,3
4,1024,1024,-0.013132378306623043,161.61518621444702,-0.013171865604817867,0.3838493824005127,2,256,3
0,1024,1024,0.0008252009989947713,158.21570682525635,0.0008389927679672837,0.39667582511901855,3,170,3
1,1024,1024,0.0019216090202615569,158.21570682525635,0.0021316722268238664,0.39667582511901855,3,170,3
2,1024,1024,0.0033657880161139606,158.21570682525635,0.003862204262986779,0.39667582511901855,3,170,3
3,1024,1024,0.0033657880161139606,158.21570682525635,0.003862204262986779,0.39667582511901855,3,170,3
4,1024,1024,0.005205219327259571,158.21570682525635,0.005371759296394885,0.39667582511901855,3,170,3
0,1024,1024,0.0009985539820247906,167.8010013103485,0.00028683734126389027,0.3901634216308594,3,170,3
1,1024,1024,0.0020518353192635935,167.8010013103485,0.0016320233698934317,0.3901634216308594,3,170,3
2,1024,1024,0.003643249928556659,167.8010013103485,0.002923831925727427,0.3901634216308594,3,170,3
3,1024,1024,0.003643249928556659,167.8010013103485,0.002923831925727427,0.3901634216308594,3,170,3
4,1024,1024,0.005417452227896047,167.8010013103485,0.004641848499886692,0.3901634216308594,3,170,3
0,1024,1024,0.0009787693828332625,169.37179279327393,0.0011878564255312085,0.3961925506591797,3,170,3
1,1024,1024,0.002141514466225222,169.37179279327393,0.002305926871486008,0.3961925506591797,3,170,3
2,1024,1024,0.0036838202563001816,169.37179279327393,0.003511034417897463,0.3961925506591797,3,170,3
3,1024,1024,0.0036838202563001816,169.37179279327393,0.003511034417897463,0.3961925506591797,3,170,3
4,1024,1024,0.005567276038505573,169.37179279327393,0.005259194760583341,0.3961925506591797,3,170,3
0,1024,1024,0.0009128110918503545,168.69646668434143,0.0014523793943226337,0.3982570171356201,3,170,3
1,1024,1024,0.001999129140914206,168.69646668434143,0.0022842753678560257,0.3982570171356201,3,170,3
2,1024,1024,0.0032500086746402863,168.69646668434143,0.0038663235027343035,0.3982570171356201,3,170,3
3,1024,1024,0.0032500086746402863,168.69646668434143,0.0038663235027343035,0.3982570171356201,3,170,3
4,1024,1024,0.004911322003482585,168.69646668434143,0.00536936754360795,0.3982570171356201,3,170,3
0,1024,1024,0.000893197121002685,169.60046648979187,0.0009412533836439252,0.40196919441223145,3,170,3
1,1024,1024,0.0020575415353497224,169.60046648979187,0.0020608084741979837,0.40196919441223145,3,170,3
2,1024,1024,0.003475972950818194,169.60046648979187,0.003450417658314109,0.40196919441223145,3,170,3
3,1024,1024,0.003475972950818194,169.60046648979187,0.003450417658314109,0.40196919441223145,3,170,3
4,1024,1024,0.005310665943033995,169.60046648979187,0.005481001455336809,0.40196919441223145,3,170,3
0,1024,1024,-0.0017072515880864245,170.05273699760437,-0.0024286597035825253,0.39747142791748047,4,128,3
1,1024,1024,-0.0036368033751544215,170.05273699760437,-0.004850286059081554,0.39747142791748047,4,128,3
2,1024,1024,-0.005593126695545436,170.05273699760437,-0.00782529404386878,0.39747142791748047,4,128,3
3,1024,1024,-0.005593126695545436,170.05273699760437,-0.00782529404386878,0.39747142791748047,4,128,3
4,1024,1024,-0.00713863140818243,170.05273699760437,-0.00915433932095766,0.39747142791748047,4,128,3
0,1024,1024,-0.002106336192941593,170.4303059577942,-0.0031224871054291725,0.39512157440185547,4,128,3
1,1024,1024,-0.003955672385739403,170.4303059577942,-0.005042867851443589,0.39512157440185547,4,128,3
2,1024,1024,-0.005968527312203133,170.4303059577942,-0.006331063690595329,0.39512157440185547,4,128,3
3,1024,1024,-0.005968527312203133,170.4303059577942,-0.006331063690595329,0.39512157440185547,4,128,3
4,1024,1024,-0.007142401149920894,170.4303059577942,-0.008254681364633143,0.39512157440185547,4,128,3
0,1024,1024,-0.0019520337256757267,168.28023052215576,-0.0017074581701308489,0.3851766586303711,4,128,3
1,1024,1024,-0.003885131408644641,168.28023052215576,-0.0040114764124155045,0.3851766586303711,4,128,3
2,1024,1024,-0.006007646292446891,168.28023052215576,-0.005945255164988339,0.3851766586303711,4,128,3
3,1024,1024,-0.006007646292446891,168.28023052215576,-0.005945255164988339,0.3851766586303711,4,128,3
4,1024,1024,-0.007289488669442016,168.28023052215576,-0.007621796918101609,0.3851766586303711,4,128,3
0,1024,1024,-0.0020395548011851025,168.87409019470215,-0.0020365288946777582,0.4215965270996094,4,128,3
1,1024,1024,-0.003915626679218874,168.87409019470215,-0.003562645986676216,0.4215965270996094,4,128,3
2,1024,1024,-0.006082920593920753,168.87409019470215,-0.005213920725509524,0.4215965270996094,4,128,3
3,1024,1024,-0.006082920593920753,168.87409019470215,-0.005213920725509524,0.4215965270996094,4,128,3
4,1024,1024,-0.007504469264659993,168.87409019470215,-0.0065488002728670835,0.4215965270996094,4,128,3
0,1024,1024,-0.0016086545701730279,170.07200527191162,-0.0023001153022050858,0.3794994354248047,4,128,3
1,1024,1024,-0.003561737085027942,170.07200527191162,-0.0037838248535990715,0.3794994354248047,4,128,3
2,1024,1024,-0.005499169099954699,170.07200527191162,-0.005470742704346776,0.3794994354248047,4,128,3
3,1024,1024,-0.005499169099954699,170.07200527191162,-0.005470742704346776,0.3794994354248047,4,128,3
4,1024,1024,-0.006966284333106879,170.07200527191162,-0.007220958359539509,0.3794994354248047,4,128,3
0,1024,1024,-0.0008113357985073806,171.48543453216553,-0.0007828897796571255,0.39151954650878906,5,102,3
1,1024,1024,-0.0007954553770919549,171.48543453216553,-0.0009514110570307821,0.39151954650878906,5,102,3
2,1024,1024,-0.0007774871886731914,171.48543453216553,-0.001225312618771568,0.39151954650878906,5,102,3
3,1024,1024,-0.0007774871886731914,171.48543453216553,-0.001225312618771568,0.39151954650878906,5,102,3
4,1024,1024,-0.0010486777351704894,171.48543453216553,-0.0012869032652815804,0.39151954650878906,5,102,3
0,1024,1024,-0.0003825746762688441,171.2348654270172,-0.0005453316261991858,0.3959643840789795,5,102,3
1,1024,1024,-0.00039413571309918863,171.2348654270172,-0.0004184081917628646,0.3959643840789795,5,102,3
2,1024,1024,-0.00038173227751756223,171.2348654270172,-0.0004454573590919608,0.3959643840789795,5,102,3
3,1024,1024,-0.00038173227751756223,171.2348654270172,-0.0004454573590919608,0.3959643840789795,5,102,3
4,1024,1024,-0.0005251464009528295,171.2348654270172,-0.0003902838743670145,0.3959643840789795,5,102,3
0,1024,1024,-0.0009380649963791366,169.42332243919373,-0.000503910006955266,0.38152146339416504,5,102,3
1,1024,1024,-0.0008706784983507736,169.42332243919373,-0.0004788404257851653,0.38152146339416504,5,102,3
2,1024,1024,-0.0006481703222299322,169.42332243919373,-0.00041826392043731175,0.38152146339416504,5,102,3
3,1024,1024,-0.0006481703222299322,169.42332243919373,-0.00041826392043731175,0.38152146339416504,5,102,3
4,1024,1024,-0.0009913601387807965,169.42332243919373,-0.0007509619135817047,0.38152146339416504,5,102,3
0,1024,1024,-0.0005786102513021358,170.0899691581726,-0.0010837536538019776,0.42035579681396484,5,102,3
1,1024,1024,-0.0005965858634274557,170.0899691581726,-0.0011874432675540447,0.42035579681396484,5,102,3
2,1024,1024,-0.0005661850890972944,170.0899691581726,-0.0016873370041139424,0.42035579681396484,5,102,3
3,1024,1024,-0.0005661850890972944,170.0899691581726,-0.0016873370041139424,0.42035579681396484,5,102,3
4,1024,1024,-0.0009344285882527345,170.0899691581726,-0.002216004824731499,0.42035579681396484,5,102,3
0,1024,1024,-0.0011558696303337417,169.27248883247375,-0.0006726704305037856,0.374758243560791,5,102,3
1,1024,1024,-0.0011730769670342878,169.27248883247375,-0.0005350060819182545,0.374758243560791,5,102,3
2,1024,1024,-0.0011525583189258117,169.27248883247375,-0.0005939947986917105,0.374758243560791,5,102,3
3,1024,1024,-0.0011525583189258117,169.27248883247375,-0.0005939947986917105,0.374758243560791,5,102,3
4,1024,1024,-0.001507261774125144,169.27248883247375,-0.001069442860170966,0.374758243560791,5,102,3
0,1024,1024,0.0016982107682244757,169.88798427581787,0.0012734183110296726,0.43703222274780273,2,256,4
1,1024,1024,0.003489056273399064,169.88798427581787,0.0034622526727616787,0.43703222274780273,2,256,4
2,1024,1024,0.0060144504177398524,169.88798427581787,0.006495852256193757,0.43703222274780273,2,256,4
3,1024,1024,0.0060144504177398524,169.88798427581787,0.006495852256193757,0.43703222274780273,2,256,4
4,1024,1024,0.009525386957001569,169.88798427581787,0.010154205840080976,0.43703222274780273,2,256,4
0,1024,1024,0.0015961299976589797,167.81652569770813,0.0015126694925129414,0.42969751358032227,2,256,4
1,1024,1024,0.003349183987221147,167.81652569770813,0.0034872705582529306,0.42969751358032227,2,256,4
2,1024,1024,0.005887931597375108,167.81652569770813,0.006364030996337533,0.42969751358032227,2,256,4
3,1024,1024,0.005887931597375108,167.81652569770813,0.006364030996337533,0.42969751358032227,2,256,4
4,1024,1024,0.009476340747700523,167.81652569770813,0.01022512442432344,0.42969751358032227,2,256,4
0,1024,1024,0.0016809683870586964,168.7882797718048,0.0015428178012371063,0.4158058166503906,2,256,4
1,1024,1024,0.00341634105454675,168.7882797718048,0.00338708923663944,0.4158058166503906,2,256,4
2,1024,1024,0.006083640675754395,168.7882797718048,0.00571446877438575,0.4158058166503906,2,256,4
3,1024,1024,0.006083640675754395,168.7882797718048,0.00571446877438575,0.4158058166503906,2,256,4
4,1024,1024,0.009605388418075511,168.7882797718048,0.008753527770750225,0.4158058166503906,2,256,4
0,1024,1024,0.0016192638427750608,167.81261134147644,0.0017723995260894299,0.397350549697876,2,256,4
1,1024,1024,0.003379751814631797,167.81261134147644,0.0037214327603578568,0.397350549697876,2,256,4
2,1024,1024,0.005873945874429603,167.81261134147644,0.006129819201305509,0.397350549697876,2,256,4
3,1024,1024,0.005873945874429603,167.81261134147644,0.006129819201305509,0.397350549697876,2,256,4
4,1024,1024,0.009375759594950028,167.81261134147644,0.010057316860184073,0.397350549697876,2,256,4
0,1024,1024,0.0016761856981531154,167.0262577533722,0.0010199462994933128,0.40694379806518555,2,256,4
1,1024,1024,0.003435975181413222,167.0262577533722,0.003061967436224222,0.40694379806518555,2,256,4
2,1024,1024,0.006031665791664155,167.0262577533722,0.005589746171608567,0.40694379806518555,2,256,4
3,1024,1024,0.006031665791664155,167.0262577533722,0.005589746171608567,0.40694379806518555,2,256,4
4,1024,1024,0.009599353909100982,167.0262577533722,0.009178914595395327,0.40694379806518555,2,256,4
0,1024,1024,0.0008588260035627829,169.5851514339447,0.0008445970597676933,0.44183826446533203,3,170,4
1,1024,1024,0.0019389547410432369,169.5851514339447,0.0019027485395781696,0.44183826446533203,3,170,4
2,1024,1024,0.003294076408039385,169.5851514339447,0.0031145059620030224,0.44183826446533203,3,170,4
3,1024,1024,0.003294076408039385,169.5851514339447,0.0031145059620030224,0.44183826446533203,3,170,4
4,1024,1024,0.0051695936074672875,169.5851514339447,0.005340685427654535,0.44183826446533203,3,170,4
0,1024,1024,0.0008515012386270532,169.21257305145264,0.0012664598179981112,0.3932063579559326,3,170,4
1,1024,1024,0.0019593691011980637,169.21257305145264,0.0019987349514849484,0.3932063579559326,3,170,4
2,1024,1024,0.003296072103435541,169.21257305145264,0.0031094514415599406,0.3932063579559326,3,170,4
3,1024,1024,0.003296072103435541,169.21257305145264,0.0031094514415599406,0.3932063579559326,3,170,4
4,1024,1024,0.005201847142853844,169.21257305145264,0.004805217904504389,0.3932063579559326,3,170,4
0,1024,1024,0.0011445252134420565,168.47423934936523,0.0010932995937764645,0.4104146957397461,3,170,4
1,1024,1024,0.0022767158290795475,168.47423934936523,0.001983125228434801,0.4104146957397461,3,170,4
2,1024,1024,0.0037301776922212346,168.47423934936523,0.0034896702272817492,0.4104146957397461,3,170,4
3,1024,1024,0.0037301776922212346,168.47423934936523,0.0034896702272817492,0.4104146957397461,3,170,4
4,1024,1024,0.0055695412470228405,168.47423934936523,0.004867315758019686,0.4104146957397461,3,170,4
0,1024,1024,0.001141773282866829,169.1812093257904,0.0010122692910954356,0.39218950271606445,3,170,4
1,1024,1024,0.0022445528883516313,169.1812093257904,0.002540408633649349,0.39218950271606445,3,170,4
2,1024,1024,0.003721020391624935,169.1812093257904,0.003992487792856991,0.39218950271606445,3,170,4
3,1024,1024,0.003721020391624935,169.1812093257904,0.003992487792856991,0.39218950271606445,3,170,4
4,1024,1024,0.005507505502921203,169.1812093257904,0.006371781579218805,0.39218950271606445,3,170,4
0,1024,1024,0.0010822001258157313,168.2158281803131,0.0005146423354744911,0.3869814872741699,3,170,4
1,1024,1024,0.0021612844254597172,168.2158281803131,0.001498507452197373,0.3869814872741699,3,170,4
2,1024,1024,0.0036256563286552173,168.2158281803131,0.0030797618674114347,0.3869814872741699,3,170,4
3,1024,1024,0.0036256563286552173,168.2158281803131,0.0030797618674114347,0.3869814872741699,3,170,4
4,1024,1024,0.005587916754861923,168.2158281803131,0.004467750899493694,0.3869814872741699,3,170,4
0,1024,1024,-0.0021863747222281324,169.54475736618042,-0.0007246319437399507,0.4213216304779053,4,128,4
1,1024,1024,-0.004038070315039922,169.54475736618042,-0.002304301830008626,0.4213216304779053,4,128,4
2,1024,1024,-0.0058254446187567845,169.54475736618042,-0.004280209308490157,0.4213216304779053,4,128,4
3,1024,1024,-0.0058254446187567845,169.54475736618042,-0.004280209308490157,0.4213216304779053,4,128,4
4,1024,1024,-0.007211187848150665,169.54475736618042,-0.006031133001670241,0.4213216304779053,4,128,4
0,1024,1024,-0.0018778969525389238,169.67843198776245,-0.0020153105724602938,0.41185879707336426,4,128,4
1,1024,1024,-0.0037572154872486728,169.67843198776245,-0.004213325213640928,0.41185879707336426,4,128,4
2,1024,1024,-0.005688878081984374,169.67843198776245,-0.005837633274495602,0.41185879707336426,4,128,4
3,1024,1024,-0.005688878081984374,169.67843198776245,-0.005837633274495602,0.41185879707336426,4,128,4
4,1024,1024,-0.006982429262628724,169.67843198776245,-0.0061690728180110455,0.41185879707336426,4,128,4
0,1024,1024,-0.001878990102791848,167.4345190525055,-0.0015289477305486798,0.377974271774292,4,128,4
1,1024,1024,-0.0038181053482018055,167.4345190525055,-0.0035766499349847436,0.377974271774292,4,128,4
2,1024,1024,-0.00582773645780979,167.4345190525055,-0.006021952140145004,0.377974271774292,4,128,4
3,1024,1024,-0.00582773645780979,167.4345190525055,-0.006021952140145004,0.377974271774292,4,128,4
4,1024,1024,-0.007035971377587311,167.4345190525055,-0.007209865725599229,0.377974271774292,4,128,4
0,1024,1024,-0.0023946056089616343,167.8133351802826,-0.0021058404818177223,0.3751709461212158,4,128,4
1,1024,1024,-0.004372226465911478,167.8133351802826,-0.0037377504631876945,0.3751709461212158,4,128,4
2,1024,1024,-0.006326216239106269,167.8133351802826,-0.004438275413122028,0.3751709461212158,4,128,4
3,1024,1024,-0.006326216239106269,167.8133351802826,-0.004438275413122028,0.3751709461212158,4,128,4
4,1024,1024,-0.00768085237104291,167.8133351802826,-0.004637825579266064,0.3751709461212158,4,128,4
0,1024,1024,-0.0021939386851665896,169.321462392807,-0.0019300332060083747,0.3705315589904785,4,128,4
1,1024,1024,-0.004065747000787842,169.321462392807,-0.0040584258968010545,0.3705315589904785,4,128,4
2,1024,1024,-0.006173868184401158,169.321462392807,-0.006300483946688473,0.3705315589904785,4,128,4
3,1024,1024,-0.006173868184401158,169.321462392807,-0.006300483946688473,0.3705315589904785,4,128,4
4,1024,1024,-0.007588916969757952,169.321462392807,-0.007513196556828916,0.3705315589904785,4,128,4
0,1024,1024,0.0004004877195547328,169.3390121459961,-0.0001397363084834069,0.38396263122558594,5,102,4
1,1024,1024,2.7957846136717228e-05,169.3390121459961,1.2303731637075543e-05,0.38396263122558594,5,102,4
2,1024,1024,0.0004134704522786173,169.3390121459961,0.0008458931988570839,0.38396263122558594,5,102,4
3,1024,1024,0.0004134704522786173,169.3390121459961,0.0008458931988570839,0.38396263122558594,5,102,4
4,1024,1024,0.0021460959166946982,169.3390121459961,0.0032979798561427742,0.38396263122558594,5,102,4
0,1024,1024,0.0001390172111304333,169.29269361495972,0.00014945564907975495,0.38212084770202637,5,102,4
1,1024,1024,-9.990877084339316e-05,169.29269361495972,-0.00032120320247486234,0.38212084770202637,5,102,4
2,1024,1024,0.00045549215753716414,169.29269361495972,4.525281838141382e-05,0.38212084770202637,5,102,4
3,1024,1024,0.00045549215753716414,169.29269361495972,4.525281838141382e-05,0.38212084770202637,5,102,4
4,1024,1024,0.0022715677284802062,169.29269361495972,0.0016204116109292954,0.38212084770202637,5,102,4
0,1024,1024,0.00028713022939785143,169.8786997795105,0.00015357977827079594,0.41623950004577637,5,102,4
1,1024,1024,4.320082457458303e-05,169.8786997795105,7.745387847535312e-05,0.41623950004577637,5,102,4
2,1024,1024,0.0005688000262956823,169.8786997795105,0.0006337799422908574,0.41623950004577637,5,102,4
3,1024,1024,0.0005688000262956823,169.8786997795105,0.0006337799422908574,0.41623950004577637,5,102,4
4,1024,1024,0.002307120264305578,169.8786997795105,0.002112683985615149,0.41623950004577637,5,102,4
0,1024,1024,5.060734209110082e-05,169.17263436317444,0.000626092660240829,0.40906190872192383,5,102,4
1,1024,1024,-0.00022851234665877753,169.17263436317444,0.0009841476276051253,0.40906190872192383,5,102,4
2,1024,1024,0.00012673847424541745,169.17263436317444,0.001584967045346275,0.40906190872192383,5,102,4
3,1024,1024,0.00012673847424541745,169.17263436317444,0.001584967045346275,0.40906190872192383,5,102,4
4,1024,1024,0.0018992513302124806,169.17263436317444,0.0032789612014312297,0.40906190872192383,5,102,4
0,1024,1024,0.000644344063629543,169.55874848365784,-0.00018051324877887964,0.38538289070129395,5,102,4
1,1024,1024,0.00034209662287982477,169.55874848365784,-0.00016495478303113487,0.38538289070129395,5,102,4
2,1024,1024,0.0007587599730664509,169.55874848365784,0.00030722520932613406,0.38538289070129395,5,102,4
3,1024,1024,0.0007587599730664509,169.55874848365784,0.00030722520932613406,0.38538289070129395,5,102,4
4,1024,1024,0.002549231815749834,169.55874848365784,0.0024414025774603942,0.38538289070129395,5,102,4
